{
  "entrenamiento": {
    "MAE": 80.58832683536552,
    "RMSE": 657.8154346155619,
    "R2": 0.02053955814876518
  },
  "prueba": {
    "MAE": 65.77594896177695,
    "RMSE": 113.38525454439143,
    "R2": -164.12828932237068
  },
  "validacion_cruzada": {
    "MAE_promedio": 66.36019458036759,
    "RMSE_promedio": 276.9805228315951,
    "R2_promedio": -67.27844469195183
  }
}